{
  "XGBoost": 0.4357915698508599,
  "LightGBM": 0.3240821974840177,
  "CatBoost": 0.2401262326651224
}