model,val_mae,val_rmse,val_mape,val_r2,val_nrmse
XGBoost,10.160301030437848,18.998195777129734,0.8811828528965063,0.9994898207006491,0.014413756836829395
Random Forest,8.762519067659479,21.55279993889349,0.7376500944041491,0.9993433929963783,0.016351911577099063
LightGBM,14.525803766756297,24.29470410389684,1.3095782449845377,0.9991657017293116,0.01843216911143946
CatBoost,21.46070966226594,32.486147680408514,2.0291981035864692,0.998508255161024,0.02464694220039672
