model,val_mae,val_rmse,val_mape,val_r2,val_nrmse
CatBoost,54.976428112579555,80.02073257635197,4.485043051016227,0.9909568609037176,0.06067399886320136
LightGBM,55.30742083152486,80.40542198184768,4.512151998237818,0.9908697044473254,0.06096568132848573
XGBoost,57.077731825030114,83.67101070005533,4.657866774490156,0.9901130077174037,0.06344174371628207
Random Forest,58.67510027627886,86.35679753969836,4.764434049391836,0.9894680879880744,0.06547818380385333
