val_mae,val_rmse,val_mape,val_r2,val_nrmse,model
54.75687797010765,79.59573531896433,4.466691128019834,0.9910526636566086,0.06035175383642661,catboost
55.590053275511174,81.32050463612526,4.557339125593602,0.9906607006694145,0.061659523063468565,lightgbm
56.30962556415221,82.71744996969208,4.606691923453671,0.9903370787556908,0.0627187268079471,xgboost
58.44260272790129,86.13583761276873,4.747298112710289,0.9895219147481372,0.06531064569311996,random_forest
