val_mae,val_rmse,val_mape,val_r2,val_nrmse,model
55.6637278787058,80.58205448090308,4.569926354239881,0.9908214350177932,0.06113686543319509,CatBoost
56.40151440223326,81.8836821396009,4.61047641072183,0.9905225207344209,0.06212439839604343,XGBoost
56.65245504366453,82.33266425135962,4.628766207585984,0.9904183025413458,0.062465037005040545,Random Forest
57.437678558365256,82.57560889131132,4.7453581112529575,0.9903616723692871,0.06264935687447207,LightGBM
