{
  "method": "ridge_stacking",
  "base_models": [
    "xgboost",
    "lightgbm",
    "catboost"
  ],
  "weights": {
    "xgboost": 0.5145166286684534,
    "lightgbm": -0.15500596515063567,
    "catboost": 0.6404893364821823
  },
  "intercept": -0.7977051134407702,
  "stacking_metrics": {
    "mae": 56.310871270089294,
    "rmse": 81.37414760705818,
    "mape": 4.4155821939907085,
    "r2": 0.9911761530120267,
    "nrmse": 0.059553240210355476
  },
  "average_metrics": {
    "mae": 57.16127276588086,
    "rmse": 82.67808587954639,
    "mape": 4.462701594876753,
    "r2": 0.990891100912629,
    "nrmse": 0.06050752054931451
  }
}