{
  "best_model_key": "catboost",
  "horizons": [
    1,
    6,
    12,
    24
  ],
  "n_features": 90,
  "train_size": 122391,
  "val_size": 26227,
  "test_size": 26227,
  "metrics_per_horizon": {
    "1h": {
      "mae": 56.70353566469938,
      "rmse": 82.29072099485296,
      "mape": 4.457724105401728,
      "r2": 0.9909683167938972,
      "nrmse": 0.06026413008048435
    },
    "6h": {
      "mae": 57.55589091322348,
      "rmse": 84.43347095397499,
      "mape": 4.5061062975865465,
      "r2": 0.990487691887478,
      "nrmse": 0.061847308234967674
    },
    "12h": {
      "mae": 58.17847715490727,
      "rmse": 85.01306816521735,
      "mape": 4.5481296457760445,
      "r2": 0.990363138595613,
      "nrmse": 0.06223992029994058
    },
    "24h": {
      "mae": 58.793910839609026,
      "rmse": 87.46864655969678,
      "mape": 4.605212293516012,
      "r2": 0.9898049335764416,
      "nrmse": 0.06401706870186641
    }
  }
}